{
  "project_info": {
    "project_number": "646020562499",
    "firebase_url": "https://androidmovieapp-1bf8f.firebaseio.com",
    "project_id": "androidmovieapp-1bf8f",
    "storage_bucket": "androidmovieapp-1bf8f.appspot.com"
  },
  "client": [
    {
      "client_info": {
        "mobilesdk_app_id": "1:646020562499:android:52662f498f7dd781",
        "android_client_info": {
          "package_name": "com.narara.android_movie_app"
        }
      },
      "oauth_client": [
        {
          "client_id": "646020562499-uu1re0jdmsntvt0a0bniqb2drdvnkm1o.apps.googleusercontent.com",
          "client_type": 1,
          "android_info": {
            "package_name": "com.narara.android_movie_app",
            "certificate_hash": "bc7efff55b3250de81119fc03e7d221d004a3921"
          }
        },
        {
          "client_id": "646020562499-do5p4f36ovdkntcufnndjvhc4jq868c0.apps.googleusercontent.com",
          "client_type": 3
        }
      ],
      "api_key": [
        {
          "current_key": "AIzaSyB4Hvq51VvRB6iS7TYizyFb1EtLyWy0Vlw"
        }
      ],
      "services": {
        "appinvite_service": {
          "other_platform_oauth_client": [
            {
              "client_id": "646020562499-do5p4f36ovdkntcufnndjvhc4jq868c0.apps.googleusercontent.com",
              "client_type": 3
            }
          ]
        }
      }
    }
  ],
  "configuration_version": "1"
}